npy_file,first_cycle_frame_count
4_13_cam2.npy,107
7_14_cam0.npy,88
24_03_cam3.npy,68
4_12_cam2.npy,100
7_15_cam0.npy,87
24_02_cam3.npy,58
17_01_cam3.npy,84
14_06_cam1.npy,218
14_07_cam1.npy,98
11_10_cam2.npy,137
12_16_cam0.npy,91
11_11_cam2.npy,119
1_05_cam1.npy,79
2_02_cam3.npy,90
22_12_cam2.npy,58
21_15_cam0.npy,97
1_04_cam1.npy,60
2_03_cam3.npy,68
22_13_cam2.npy,72
21_14_cam0.npy,108
8_05_cam2.npy,91
8_04_cam2.npy,78
18_10_cam1.npy,62
16_09_cam1.npy,115
16_08_cam1.npy,107
3_16_cam4.npy,77
18_11_cam1.npy,61
25_16_cam4.npy,88
16_14_cam4.npy,62
16_15_cam4.npy,74
8_13_cam4.npy,86
10_13_cam3.npy,102
13_14_cam1.npy,103
10_12_cam3.npy,51
13_15_cam1.npy,99
8_12_cam4.npy,61
20_16_cam1.npy,78
23_11_cam3.npy,72
3_01_cam2.npy,60
0_06_cam0.npy,67
23_10_cam3.npy,75
0_07_cam0.npy,75
26_07_cam0.npy,71
13_09_cam4.npy,72
5_10_cam3.npy,104
25_01_cam2.npy,102
26_06_cam0.npy,85
6_16_cam1.npy,84
13_08_cam4.npy,62
5_11_cam3.npy,121
15_05_cam0.npy,68
16_02_cam2.npy,76
15_04_cam0.npy,106
16_03_cam2.npy,86
4_05_cam4.npy,129
4_04_cam4.npy,77
2_09_cam0.npy,109
2_08_cam0.npy,80
24_08_cam0.npy,98
11_06_cam4.npy,104
9_06_cam3.npy,111
24_09_cam0.npy,66
9_07_cam3.npy,87
11_07_cam4.npy,91
19_13_cam0.npy,116
22_04_cam4.npy,66
19_12_cam0.npy,109
22_05_cam4.npy,100
19_12_cam1.npy,86
2_15_cam4.npy,52
2_14_cam4.npy,121
19_13_cam1.npy,72
24_09_cam1.npy,54
9_07_cam2.npy,67
24_08_cam1.npy,64
9_06_cam2.npy,147
17_16_cam4.npy,53
2_08_cam1.npy,96
2_09_cam1.npy,66
24_14_cam4.npy,56
24_15_cam4.npy,119
16_03_cam3.npy,96
15_04_cam1.npy,73
16_02_cam3.npy,80
15_05_cam1.npy,64
26_06_cam1.npy,127
25_01_cam3.npy,90
5_11_cam2.npy,103
6_16_cam0.npy,76
26_07_cam1.npy,113
5_10_cam2.npy,107
23_10_cam2.npy,127
0_07_cam1.npy,78
23_11_cam2.npy,62
20_16_cam0.npy,60
0_06_cam1.npy,60
3_01_cam3.npy,147
13_15_cam0.npy,58
10_12_cam2.npy,102
13_14_cam0.npy,94
10_13_cam2.npy,54
5_07_cam4.npy,180
5_06_cam4.npy,83
23_06_cam4.npy,88
18_11_cam0.npy,117
16_08_cam0.npy,95
23_07_cam4.npy,109
16_09_cam0.npy,107
18_10_cam0.npy,87
10_04_cam4.npy,117
8_04_cam3.npy,61
8_05_cam3.npy,78
10_05_cam4.npy,89
2_03_cam2.npy,91
1_04_cam0.npy,70
21_14_cam1.npy,51
22_13_cam3.npy,82
2_02_cam2.npy,67
1_05_cam0.npy,96
21_15_cam1.npy,84
22_12_cam3.npy,68
9_11_cam4.npy,139
7_08_cam4.npy,107
11_11_cam3.npy,71
12_16_cam1.npy,113
7_09_cam4.npy,104
11_10_cam3.npy,96
9_10_cam4.npy,91
21_09_cam4.npy,108
14_07_cam0.npy,112
21_08_cam4.npy,72
14_06_cam0.npy,120
17_01_cam2.npy,82
7_15_cam1.npy,64
4_12_cam3.npy,84
24_02_cam2.npy,83
7_14_cam1.npy,119
4_13_cam3.npy,139
24_03_cam2.npy,76
24_02_cam0.npy,89
4_12_cam1.npy,123
7_15_cam3.npy,78
24_03_cam0.npy,98
4_13_cam1.npy,75
7_14_cam3.npy,143
14_07_cam2.npy,58
17_01_cam0.npy,74
14_06_cam2.npy,138
12_16_cam3.npy,62
11_11_cam1.npy,99
11_10_cam1.npy,58
22_13_cam1.npy,104
21_14_cam3.npy,131
1_04_cam2.npy,91
2_03_cam0.npy,74
22_12_cam1.npy,120
21_15_cam3.npy,52
1_05_cam2.npy,101
2_02_cam0.npy,126
8_04_cam1.npy,63
13_03_cam4.npy,71
13_02_cam4.npy,187
8_05_cam1.npy,101
16_08_cam2.npy,53
18_11_cam2.npy,54
20_01_cam4.npy,98
18_10_cam2.npy,56
16_09_cam2.npy,108
6_01_cam4.npy,66
10_12_cam0.npy,52
13_15_cam2.npy,56
10_13_cam0.npy,53
13_14_cam2.npy,111
18_07_cam4.npy,58
0_07_cam3.npy,52
23_10_cam0.npy,128
3_01_cam1.npy,66
0_06_cam3.npy,91
18_06_cam4.npy,111
20_16_cam2.npy,73
23_11_cam0.npy,52
6_16_cam2.npy,97
5_11_cam0.npy,75
25_01_cam1.npy,144
26_06_cam3.npy,71
5_10_cam0.npy,51
26_07_cam3.npy,91
15_04_cam3.npy,75
16_03_cam1.npy,104
15_05_cam3.npy,71
16_02_cam1.npy,88
14_11_cam4.npy,78
2_08_cam3.npy,78
14_10_cam4.npy,103
2_09_cam3.npy,96
9_07_cam0.npy,91
24_09_cam3.npy,90
9_06_cam0.npy,152
24_08_cam3.npy,104
1_12_cam4.npy,51
19_12_cam3.npy,96
19_13_cam3.npy,111
1_13_cam4.npy,88
21_03_cam4.npy,113
19_13_cam2.npy,62
21_02_cam4.npy,100
19_12_cam2.npy,116
9_06_cam1.npy,100
12_01_cam4.npy,51
24_08_cam2.npy,61
9_07_cam1.npy,126
24_09_cam2.npy,99
2_09_cam2.npy,103
2_08_cam2.npy,67
7_02_cam4.npy,119
7_03_cam4.npy,94
16_02_cam0.npy,58
15_05_cam2.npy,73
16_03_cam0.npy,104
15_04_cam2.npy,53
5_10_cam1.npy,57
26_07_cam2.npy,131
5_11_cam1.npy,111
6_16_cam3.npy,104
26_06_cam2.npy,71
25_01_cam0.npy,65
0_06_cam2.npy,165
3_01_cam0.npy,289
23_11_cam1.npy,69
20_16_cam3.npy,92
0_07_cam2.npy,134
23_10_cam1.npy,64
13_14_cam3.npy,92
10_13_cam1.npy,102
13_15_cam3.npy,81
10_12_cam1.npy,135
15_13_cam4.npy,64
15_12_cam4.npy,81
26_11_cam4.npy,68
26_10_cam4.npy,52
0_10_cam4.npy,65
16_09_cam3.npy,105
18_10_cam3.npy,82
18_11_cam3.npy,73
0_11_cam4.npy,128
16_08_cam3.npy,51
8_05_cam0.npy,389
8_04_cam0.npy,59
21_15_cam2.npy,100
22_12_cam0.npy,94
19_05_cam4.npy,147
2_02_cam1.npy,141
1_05_cam3.npy,103
21_14_cam2.npy,108
22_13_cam0.npy,98
2_03_cam1.npy,77
1_04_cam3.npy,73
19_04_cam4.npy,53
11_10_cam0.npy,105
11_11_cam0.npy,109
12_16_cam2.npy,55
14_06_cam3.npy,108
17_01_cam1.npy,52
14_07_cam3.npy,51
24_03_cam1.npy,99
7_14_cam2.npy,124
4_13_cam0.npy,123
24_02_cam1.npy,73
7_15_cam2.npy,89
4_12_cam0.npy,53
21_09_cam3.npy,125
21_08_cam3.npy,136
4_12_cam4.npy,75
4_13_cam4.npy,121
19_04_cam0.npy,60
22_13_cam4.npy,159
19_05_cam0.npy,162
22_12_cam4.npy,60
7_08_cam3.npy,111
11_11_cam4.npy,91
9_11_cam3.npy,67
9_10_cam3.npy,69
7_09_cam3.npy,93
11_10_cam4.npy,83
23_06_cam3.npy,131
20_01_cam1.npy,78
0_11_cam0.npy,115
3_16_cam2.npy,109
23_07_cam3.npy,56
0_10_cam0.npy,94
8_04_cam4.npy,72
13_03_cam1.npy,101
10_04_cam3.npy,56
13_02_cam1.npy,86
10_05_cam3.npy,83
8_05_cam4.npy,104
16_15_cam2.npy,106
15_12_cam0.npy,72
16_14_cam2.npy,59
15_13_cam0.npy,76
26_10_cam0.npy,200
5_07_cam3.npy,108
26_11_cam0.npy,68
25_16_cam2.npy,106
5_06_cam3.npy,116
6_01_cam1.npy,60
18_07_cam1.npy,86
3_01_cam4.npy,122
18_06_cam1.npy,56
8_12_cam2.npy,60
8_13_cam2.npy,58
16_03_cam4.npy,103
16_02_cam4.npy,82
25_01_cam4.npy,172
13_08_cam2.npy,70
13_09_cam2.npy,108
14_11_cam1.npy,118
17_16_cam3.npy,83
14_10_cam1.npy,95
7_03_cam0.npy,138
4_04_cam2.npy,118
24_14_cam3.npy,91
7_02_cam0.npy,93
4_05_cam2.npy,119
24_15_cam3.npy,73
2_15_cam3.npy,54
1_12_cam1.npy,117
21_02_cam0.npy,110
22_05_cam2.npy,97
2_14_cam3.npy,61
1_13_cam1.npy,100
21_03_cam0.npy,75
22_04_cam2.npy,106
11_07_cam2.npy,62
11_06_cam2.npy,147
12_01_cam0.npy,100
9_06_cam4.npy,118
12_01_cam1.npy,79
11_06_cam3.npy,77
11_07_cam3.npy,103
9_07_cam4.npy,119
1_13_cam0.npy,69
2_14_cam2.npy,113
22_04_cam3.npy,75
21_03_cam1.npy,99
1_12_cam0.npy,79
2_15_cam2.npy,75
22_05_cam3.npy,79
21_02_cam1.npy,82
4_05_cam3.npy,88
7_02_cam1.npy,111
24_15_cam2.npy,99
4_04_cam3.npy,95
7_03_cam1.npy,81
24_14_cam2.npy,106
14_10_cam0.npy,106
17_16_cam2.npy,64
14_11_cam0.npy,62
13_09_cam3.npy,103
5_10_cam4.npy,72
13_08_cam3.npy,84
5_11_cam4.npy,94
10_13_cam4.npy,52
8_13_cam3.npy,139
8_12_cam3.npy,76
10_12_cam4.npy,122
23_11_cam4.npy,114
18_06_cam0.npy,110
23_10_cam4.npy,68
18_07_cam0.npy,125
25_16_cam3.npy,103
26_11_cam1.npy,64
6_01_cam0.npy,283
5_06_cam2.npy,176
26_10_cam1.npy,57
5_07_cam2.npy,67
15_13_cam1.npy,98
16_14_cam3.npy,127
15_12_cam1.npy,116
16_15_cam3.npy,63
10_05_cam2.npy,89
13_02_cam0.npy,221
10_04_cam2.npy,62
13_03_cam0.npy,55
23_07_cam2.npy,117
0_10_cam1.npy,64
20_01_cam0.npy,70
23_06_cam2.npy,130
3_16_cam3.npy,61
0_11_cam1.npy,77
7_09_cam2.npy,73
9_10_cam2.npy,111
9_11_cam2.npy,86
7_08_cam2.npy,59
19_05_cam1.npy,168
2_02_cam4.npy,97
2_03_cam4.npy,84
19_04_cam1.npy,78
24_03_cam4.npy,105
24_02_cam4.npy,67
21_08_cam2.npy,58
17_01_cam4.npy,112
21_09_cam2.npy,123
14_06_cam4.npy,101
21_08_cam0.npy,72
14_07_cam4.npy,81
21_09_cam0.npy,131
1_05_cam4.npy,101
19_05_cam3.npy,91
19_04_cam3.npy,77
1_04_cam4.npy,79
9_10_cam0.npy,96
7_09_cam0.npy,61
7_08_cam0.npy,70
9_11_cam0.npy,113
18_10_cam4.npy,60
0_10_cam3.npy,97
16_09_cam4.npy,101
23_07_cam0.npy,59
0_11_cam3.npy,87
16_08_cam4.npy,108
3_16_cam1.npy,63
18_11_cam4.npy,127
23_06_cam0.npy,163
20_01_cam2.npy,81
13_02_cam2.npy,82
10_05_cam0.npy,56
13_03_cam2.npy,100
10_04_cam0.npy,51
16_14_cam1.npy,76
15_13_cam3.npy,99
16_15_cam1.npy,95
15_12_cam3.npy,108
5_06_cam0.npy,161
6_01_cam2.npy,74
26_11_cam3.npy,90
25_16_cam1.npy,110
5_07_cam0.npy,102
26_10_cam3.npy,78
18_06_cam2.npy,128
20_16_cam4.npy,97
18_07_cam2.npy,105
8_13_cam1.npy,89
13_14_cam4.npy,79
13_15_cam4.npy,62
8_12_cam1.npy,64
13_09_cam1.npy,86
6_16_cam4.npy,103
13_08_cam1.npy,86
14_10_cam2.npy,124
14_11_cam2.npy,60
17_16_cam0.npy,73
24_15_cam0.npy,96
7_02_cam3.npy,108
4_05_cam1.npy,87
24_14_cam0.npy,114
7_03_cam3.npy,121
4_04_cam1.npy,67
21_03_cam3.npy,59
22_04_cam1.npy,91
2_14_cam0.npy,72
1_13_cam2.npy,84
21_02_cam3.npy,67
22_05_cam1.npy,79
2_15_cam0.npy,120
1_12_cam2.npy,109
11_06_cam1.npy,71
12_01_cam3.npy,98
11_07_cam1.npy,110
11_07_cam0.npy,75
24_09_cam4.npy,106
12_01_cam2.npy,86
11_06_cam0.npy,75
24_08_cam4.npy,117
22_05_cam0.npy,115
21_02_cam2.npy,141
19_12_cam4.npy,95
1_12_cam3.npy,93
2_15_cam1.npy,99
22_04_cam0.npy,67
21_03_cam2.npy,75
1_13_cam3.npy,101
2_14_cam1.npy,100
19_13_cam4.npy,89
24_14_cam1.npy,73
4_04_cam0.npy,64
7_03_cam2.npy,78
24_15_cam1.npy,100
4_05_cam0.npy,53
7_02_cam2.npy,56
17_16_cam1.npy,107
14_11_cam3.npy,97
2_08_cam4.npy,88
14_10_cam3.npy,98
2_09_cam4.npy,75
13_08_cam0.npy,92
26_06_cam4.npy,93
13_09_cam0.npy,109
26_07_cam4.npy,95
15_04_cam4.npy,52
15_05_cam4.npy,249
8_12_cam0.npy,98
8_13_cam0.npy,70
0_07_cam4.npy,77
18_07_cam3.npy,64
18_06_cam3.npy,55
0_06_cam4.npy,63
5_07_cam1.npy,107
26_10_cam2.npy,80
6_01_cam3.npy,113
5_06_cam1.npy,132
25_16_cam0.npy,85
26_11_cam2.npy,113
15_12_cam2.npy,56
16_15_cam0.npy,106
15_13_cam2.npy,63
16_14_cam0.npy,82
10_04_cam1.npy,58
13_03_cam3.npy,59
10_05_cam1.npy,88
13_02_cam3.npy,79
3_16_cam0.npy,124
0_11_cam2.npy,87
20_01_cam3.npy,92
23_06_cam1.npy,101
0_10_cam2.npy,111
23_07_cam1.npy,131
9_11_cam1.npy,58
7_08_cam1.npy,114
12_16_cam4.npy,70
7_09_cam1.npy,94
9_10_cam1.npy,101
21_14_cam4.npy,51
19_04_cam2.npy,112
21_15_cam4.npy,99
19_05_cam2.npy,68
7_15_cam4.npy,127
7_14_cam4.npy,59
21_09_cam1.npy,96
21_08_cam1.npy,143
20_06_cam1.npy,92
23_01_cam3.npy,73
3_11_cam2.npy,80
0_16_cam0.npy,89
20_07_cam1.npy,106
3_10_cam2.npy,61
10_03_cam3.npy,82
13_04_cam1.npy,100
8_03_cam4.npy,58
8_02_cam4.npy,54
10_02_cam3.npy,81
13_05_cam1.npy,150
15_15_cam0.npy,165
16_12_cam2.npy,71
15_14_cam0.npy,112
16_13_cam2.npy,94
25_10_cam2.npy,124
6_07_cam1.npy,61
25_11_cam2.npy,92
26_16_cam0.npy,56
6_06_cam1.npy,60
5_01_cam3.npy,110
22_09_cam1.npy,130
22_08_cam1.npy,57
4_15_cam4.npy,99
4_14_cam4.npy,99
19_03_cam0.npy,89
22_14_cam4.npy,124
19_02_cam0.npy,66
22_15_cam4.npy,102
9_16_cam3.npy,88
11_16_cam4.npy,109
4_08_cam1.npy,73
4_09_cam1.npy,73
19_08_cam3.npy,61
17_11_cam3.npy,73
1_08_cam4.npy,137
14_16_cam1.npy,130
17_10_cam3.npy,90
1_09_cam4.npy,87
19_09_cam3.npy,81
4_03_cam2.npy,54
7_04_cam0.npy,114
24_13_cam3.npy,56
4_02_cam2.npy,89
7_05_cam0.npy,59
24_12_cam3.npy,106
1_15_cam1.npy,67
2_12_cam3.npy,126
22_02_cam2.npy,79
21_05_cam0.npy,61
1_14_cam1.npy,106
2_13_cam3.npy,108
22_03_cam2.npy,57
21_04_cam0.npy,97
12_07_cam0.npy,59
12_06_cam0.npy,75
11_01_cam2.npy,64
3_07_cam4.npy,87
18_01_cam1.npy,88
3_06_cam4.npy,52
8_15_cam2.npy,178
8_14_cam2.npy,147
16_04_cam4.npy,91
16_05_cam4.npy,54
25_06_cam4.npy,57
10_08_cam0.npy,91
25_07_cam4.npy,77
10_09_cam0.npy,110
10_09_cam1.npy,83
10_08_cam1.npy,103
5_16_cam4.npy,82
8_14_cam3.npy,84
10_14_cam4.npy,72
10_15_cam4.npy,164
8_15_cam3.npy,108
23_16_cam4.npy,126
18_01_cam0.npy,73
11_01_cam3.npy,75
12_06_cam1.npy,75
9_01_cam4.npy,88
12_07_cam1.npy,88
2_13_cam2.npy,61
1_14_cam0.npy,67
21_04_cam1.npy,140
22_03_cam3.npy,126
2_12_cam2.npy,75
1_15_cam0.npy,51
21_05_cam1.npy,107
22_02_cam3.npy,107
7_05_cam1.npy,147
4_02_cam3.npy,142
24_12_cam2.npy,114
7_04_cam1.npy,87
4_03_cam3.npy,72
24_13_cam2.npy,124
19_09_cam2.npy,86
17_10_cam2.npy,103
14_16_cam0.npy,94
17_11_cam2.npy,67
19_08_cam2.npy,90
4_09_cam0.npy,61
4_08_cam0.npy,137
9_16_cam2.npy,66
2_05_cam4.npy,96
19_02_cam1.npy,67
19_03_cam1.npy,109
2_04_cam4.npy,127
24_04_cam4.npy,108
24_05_cam4.npy,88
22_08_cam0.npy,68
17_06_cam4.npy,55
22_09_cam0.npy,104
17_07_cam4.npy,87
26_16_cam1.npy,80
25_11_cam3.npy,116
5_01_cam2.npy,160
6_06_cam0.npy,92
25_10_cam3.npy,105
6_07_cam0.npy,91
16_13_cam3.npy,61
15_14_cam1.npy,102
16_12_cam3.npy,126
15_15_cam1.npy,131
13_05_cam0.npy,63
10_02_cam2.npy,77
13_04_cam0.npy,90
10_03_cam2.npy,112
20_07_cam0.npy,107
3_10_cam3.npy,108
15_09_cam4.npy,58
23_01_cam2.npy,113
20_06_cam0.npy,83
0_16_cam1.npy,107
3_11_cam3.npy,125
15_08_cam4.npy,87
3_10_cam1.npy,55
20_07_cam2.npy,83
18_16_cam4.npy,83
3_11_cam1.npy,71
0_16_cam3.npy,96
20_06_cam2.npy,99
23_01_cam0.npy,85
10_02_cam0.npy,84
13_05_cam2.npy,165
10_03_cam0.npy,113
13_04_cam2.npy,113
15_14_cam3.npy,94
16_13_cam1.npy,106
15_15_cam3.npy,136
16_12_cam1.npy,104
6_06_cam2.npy,119
5_01_cam0.npy,113
25_11_cam1.npy,87
26_16_cam3.npy,80
6_07_cam2.npy,71
25_10_cam1.npy,66
14_01_cam4.npy,118
22_08_cam2.npy,115
22_09_cam2.npy,113
19_02_cam3.npy,102
1_02_cam4.npy,79
1_03_cam4.npy,78
19_03_cam3.npy,62
4_09_cam2.npy,60
9_16_cam0.npy,91
4_08_cam2.npy,106
17_10_cam0.npy,61
19_09_cam0.npy,139
19_08_cam0.npy,96
17_11_cam0.npy,97
14_16_cam2.npy,111
24_12_cam0.npy,67
4_02_cam1.npy,83
7_05_cam3.npy,92
24_13_cam0.npy,95
4_03_cam1.npy,73
7_04_cam3.npy,124
22_03_cam1.npy,65
21_04_cam3.npy,81
1_14_cam2.npy,97
2_13_cam0.npy,104
22_02_cam1.npy,74
21_05_cam3.npy,63
1_15_cam2.npy,65
2_12_cam0.npy,68
12_06_cam3.npy,161
11_01_cam1.npy,81
12_07_cam3.npy,59
18_01_cam2.npy,72
20_11_cam4.npy,92
20_10_cam4.npy,84
13_13_cam4.npy,51
8_14_cam1.npy,101
8_15_cam1.npy,63
13_12_cam4.npy,95
10_09_cam3.npy,64
6_10_cam4.npy,108
8_09_cam4.npy,55
8_08_cam4.npy,87
10_08_cam3.npy,53
6_11_cam4.npy,167
10_08_cam2.npy,81
26_01_cam4.npy,93
10_09_cam2.npy,65
15_03_cam4.npy,131
15_02_cam4.npy,70
8_15_cam0.npy,96
8_14_cam0.npy,148
0_01_cam4.npy,76
18_01_cam3.npy,80
12_07_cam2.npy,107
11_01_cam0.npy,69
12_06_cam2.npy,253
21_05_cam2.npy,125
22_02_cam0.npy,72
2_12_cam1.npy,104
1_15_cam3.npy,62
19_15_cam4.npy,84
21_04_cam2.npy,78
22_03_cam0.npy,80
19_14_cam4.npy,80
2_13_cam1.npy,99
1_14_cam3.npy,86
24_13_cam1.npy,90
7_04_cam2.npy,109
4_03_cam0.npy,86
24_12_cam1.npy,63
7_05_cam2.npy,143
4_02_cam0.npy,79
14_16_cam3.npy,113
17_11_cam1.npy,80
19_08_cam1.npy,93
19_09_cam1.npy,54
17_10_cam1.npy,148
4_08_cam3.npy,100
12_11_cam4.npy,82
9_16_cam1.npy,123
4_09_cam3.npy,80
12_10_cam4.npy,128
21_13_cam4.npy,131
19_03_cam2.npy,83
21_12_cam4.npy,76
19_02_cam2.npy,68
7_12_cam4.npy,142
7_13_cam4.npy,70
22_09_cam3.npy,100
22_08_cam3.npy,112
6_07_cam3.npy,74
25_10_cam0.npy,84
5_01_cam1.npy,128
6_06_cam3.npy,63
26_16_cam2.npy,108
25_11_cam0.npy,84
16_12_cam0.npy,136
15_15_cam2.npy,153
16_13_cam0.npy,95
15_14_cam2.npy,69
13_04_cam3.npy,94
10_03_cam1.npy,111
13_05_cam3.npy,117
10_02_cam1.npy,89
0_16_cam2.npy,115
3_11_cam0.npy,181
23_01_cam1.npy,58
20_06_cam3.npy,108
3_10_cam0.npy,51
20_07_cam3.npy,58
8_02_cam2.npy,107
8_03_cam2.npy,68
3_10_cam4.npy,82
15_09_cam3.npy,71
18_16_cam1.npy,99
3_11_cam4.npy,120
15_08_cam3.npy,63
25_11_cam4.npy,75
25_10_cam4.npy,141
16_13_cam4.npy,107
16_12_cam4.npy,80
7_13_cam0.npy,69
4_14_cam2.npy,57
24_04_cam3.npy,79
7_12_cam0.npy,85
4_15_cam2.npy,124
24_05_cam3.npy,82
14_01_cam1.npy,65
17_06_cam3.npy,109
17_07_cam3.npy,155
12_10_cam0.npy,147
11_16_cam2.npy,83
12_11_cam0.npy,98
2_05_cam3.npy,91
1_02_cam1.npy,56
21_12_cam0.npy,90
22_15_cam2.npy,95
2_04_cam3.npy,88
1_03_cam1.npy,161
21_13_cam0.npy,136
22_14_cam2.npy,100
4_02_cam4.npy,70
4_03_cam4.npy,131
1_09_cam2.npy,150
1_08_cam2.npy,69
9_01_cam3.npy,53
11_01_cam4.npy,71
19_14_cam0.npy,86
22_03_cam4.npy,68
19_15_cam0.npy,93
22_02_cam4.npy,89
13_13_cam1.npy,62
10_14_cam3.npy,114
8_14_cam4.npy,55
8_15_cam4.npy,101
13_12_cam1.npy,110
10_15_cam3.npy,157
23_16_cam3.npy,68
20_11_cam1.npy,97
0_01_cam0.npy,93
3_06_cam2.npy,220
20_10_cam1.npy,75
3_07_cam2.npy,59
25_07_cam2.npy,63
6_10_cam1.npy,68
8_09_cam1.npy,93
26_01_cam0.npy,116
25_06_cam2.npy,57
8_08_cam1.npy,68
5_16_cam3.npy,104
6_11_cam1.npy,65
16_05_cam2.npy,178
15_02_cam0.npy,84
16_04_cam2.npy,133
15_03_cam0.npy,108
15_03_cam1.npy,105
16_04_cam3.npy,133
15_02_cam1.npy,80
16_05_cam3.npy,98
25_06_cam3.npy,89
26_01_cam1.npy,127
6_11_cam0.npy,84
5_16_cam2.npy,109
8_08_cam0.npy,78
25_07_cam3.npy,109
8_09_cam0.npy,63
6_10_cam0.npy,102
20_10_cam0.npy,80
3_07_cam3.npy,75
20_11_cam0.npy,94
23_16_cam2.npy,91
3_06_cam3.npy,73
0_01_cam1.npy,151
10_15_cam2.npy,120
13_12_cam0.npy,65
10_14_cam2.npy,107
13_13_cam0.npy,104
2_12_cam4.npy,94
19_15_cam1.npy,101
19_14_cam1.npy,71
2_13_cam4.npy,190
9_01_cam2.npy,76
17_11_cam4.npy,78
1_08_cam3.npy,94
19_08_cam4.npy,87
19_09_cam4.npy,86
17_10_cam4.npy,75
1_09_cam3.npy,71
24_13_cam4.npy,67
24_12_cam4.npy,126
1_03_cam0.npy,66
2_04_cam2.npy,59
22_14_cam3.npy,104
21_13_cam1.npy,106
1_02_cam0.npy,157
2_05_cam2.npy,92
22_15_cam3.npy,91
21_12_cam1.npy,101
12_11_cam1.npy,89
11_16_cam3.npy,78
9_16_cam4.npy,111
12_10_cam1.npy,62
17_07_cam2.npy,63
17_06_cam2.npy,120
14_01_cam0.npy,110
4_15_cam3.npy,127
7_12_cam1.npy,115
24_05_cam2.npy,104
4_14_cam3.npy,91
7_13_cam1.npy,68
24_04_cam2.npy,76
5_01_cam4.npy,98
23_01_cam4.npy,83
15_08_cam2.npy,72
18_16_cam0.npy,86
15_09_cam2.npy,74
8_03_cam3.npy,88
10_03_cam4.npy,56
10_02_cam4.npy,92
8_02_cam3.npy,98
13_04_cam4.npy,97
8_03_cam1.npy,66
8_02_cam1.npy,135
13_05_cam4.npy,68
18_16_cam2.npy,144
15_08_cam0.npy,155
20_06_cam4.npy,184
15_09_cam0.npy,72
20_07_cam4.npy,56
6_07_cam4.npy,79
6_06_cam4.npy,93
24_05_cam0.npy,102
7_12_cam3.npy,76
4_15_cam1.npy,78
24_04_cam0.npy,71
7_13_cam3.npy,93
4_14_cam1.npy,92
17_07_cam0.npy,86
22_09_cam4.npy,69
14_01_cam2.npy,76
17_06_cam0.npy,153
22_08_cam4.npy,135
11_16_cam1.npy,136
4_08_cam4.npy,55
12_11_cam3.npy,96
4_09_cam4.npy,63
12_10_cam3.npy,108
21_13_cam3.npy,91
22_14_cam1.npy,137
2_04_cam0.npy,106
1_03_cam2.npy,64
21_12_cam3.npy,63
22_15_cam1.npy,108
2_05_cam0.npy,318
1_02_cam2.npy,93
1_08_cam1.npy,114
14_16_cam4.npy,59
1_09_cam1.npy,137
9_01_cam0.npy,81
19_15_cam3.npy,113
1_15_cam4.npy,68
1_14_cam4.npy,89
19_14_cam3.npy,76
13_12_cam2.npy,82
10_15_cam0.npy,107
13_13_cam2.npy,76
10_14_cam0.npy,88
3_07_cam1.npy,55
20_10_cam2.npy,70
18_01_cam4.npy,77
0_01_cam3.npy,128
3_06_cam1.npy,124
23_16_cam0.npy,137
20_11_cam2.npy,104
8_08_cam2.npy,64
5_16_cam0.npy,56
6_11_cam2.npy,53
26_01_cam3.npy,97
25_06_cam1.npy,55
6_10_cam2.npy,102
8_09_cam2.npy,73
25_07_cam1.npy,52
16_04_cam1.npy,52
15_03_cam3.npy,104
16_05_cam1.npy,104
15_02_cam3.npy,126
15_02_cam2.npy,79
16_05_cam0.npy,193
15_03_cam2.npy,136
16_04_cam0.npy,96
8_09_cam3.npy,68
10_09_cam4.npy,116
6_10_cam3.npy,75
25_07_cam0.npy,102
10_08_cam4.npy,96
6_11_cam3.npy,110
5_16_cam1.npy,111
8_08_cam3.npy,68
25_06_cam0.npy,61
26_01_cam2.npy,108
3_06_cam0.npy,305
0_01_cam2.npy,87
20_11_cam3.npy,64
23_16_cam1.npy,56
3_07_cam0.npy,76
20_10_cam3.npy,75
10_14_cam1.npy,93
13_13_cam3.npy,76
10_15_cam1.npy,77
13_12_cam3.npy,84
21_04_cam4.npy,93
19_14_cam2.npy,105
21_05_cam4.npy,58
19_15_cam2.npy,51
12_06_cam4.npy,73
9_01_cam1.npy,139
12_07_cam4.npy,101
1_09_cam0.npy,70
1_08_cam0.npy,182
7_05_cam4.npy,68
7_04_cam4.npy,102
22_15_cam0.npy,115
21_12_cam2.npy,87
1_02_cam3.npy,148
2_05_cam1.npy,95
19_02_cam4.npy,83
22_14_cam0.npy,104
21_13_cam2.npy,134
19_03_cam4.npy,118
1_03_cam3.npy,89
2_04_cam1.npy,60
12_10_cam2.npy,124
12_11_cam2.npy,146
11_16_cam0.npy,79
17_06_cam1.npy,96
14_01_cam3.npy,91
17_07_cam1.npy,117
24_04_cam1.npy,115
4_14_cam0.npy,54
7_13_cam2.npy,73
24_05_cam1.npy,100
4_15_cam0.npy,117
7_12_cam2.npy,59
15_14_cam4.npy,88
15_15_cam4.npy,56
26_16_cam4.npy,82
15_09_cam1.npy,71
0_16_cam4.npy,102
15_08_cam1.npy,52
18_16_cam3.npy,103
8_02_cam0.npy,181
8_03_cam0.npy,64
1_06_cam4.npy,56
19_06_cam3.npy,122
19_07_cam3.npy,79
1_07_cam4.npy,123
9_13_cam0.npy,99
9_12_cam0.npy,71
14_05_cam4.npy,155
14_04_cam4.npy,87
12_09_cam0.npy,149
12_08_cam0.npy,54
3_09_cam4.npy,104
15_10_cam3.npy,88
16_16_cam1.npy,100
3_08_cam4.npy,69
15_11_cam3.npy,111
26_12_cam3.npy,70
25_15_cam1.npy,72
5_05_cam0.npy,113
6_02_cam2.npy,114
26_13_cam3.npy,120
25_14_cam1.npy,113
5_04_cam0.npy,60
6_03_cam2.npy,87
23_04_cam0.npy,158
20_03_cam2.npy,71
18_13_cam4.npy,117
0_13_cam3.npy,130
3_14_cam1.npy,70
23_05_cam0.npy,72
20_02_cam2.npy,122
0_12_cam3.npy,70
3_15_cam1.npy,93
18_12_cam4.npy,103
13_01_cam2.npy,134
10_06_cam0.npy,56
25_08_cam4.npy,64
10_07_cam0.npy,109
25_09_cam4.npy,105
20_08_cam1.npy,112
20_09_cam1.npy,150
6_14_cam4.npy,103
6_15_cam4.npy,65
20_15_cam4.npy,134
18_05_cam2.npy,51
20_14_cam4.npy,79
18_04_cam2.npy,101
8_10_cam1.npy,53
6_09_cam1.npy,104
6_08_cam1.npy,63
13_16_cam4.npy,135
8_11_cam1.npy,78
1_10_cam2.npy,151
22_07_cam1.npy,60
2_16_cam0.npy,57
1_11_cam2.npy,122
21_01_cam3.npy,67
22_06_cam1.npy,166
11_05_cam1.npy,144
12_02_cam3.npy,100
11_04_cam1.npy,61
12_03_cam3.npy,73
14_13_cam2.npy,65
17_14_cam0.npy,82
14_12_cam2.npy,73
17_15_cam0.npy,89
7_01_cam3.npy,103
4_06_cam1.npy,68
24_16_cam0.npy,56
4_07_cam1.npy,79
4_07_cam0.npy,120
4_06_cam0.npy,55
7_01_cam2.npy,72
24_16_cam1.npy,91
17_15_cam1.npy,140
14_12_cam3.npy,63
17_14_cam1.npy,140
14_13_cam3.npy,117
12_03_cam2.npy,59
11_04_cam0.npy,54
12_02_cam2.npy,78
11_05_cam0.npy,56
19_11_cam4.npy,72
17_08_cam4.npy,134
1_11_cam3.npy,70
2_16_cam1.npy,83
22_06_cam0.npy,144
21_01_cam2.npy,64
17_09_cam4.npy,129
1_10_cam3.npy,65
19_10_cam4.npy,155
22_07_cam0.npy,146
8_11_cam0.npy,61
6_08_cam0.npy,59
6_09_cam0.npy,81
8_10_cam0.npy,172
0_04_cam4.npy,63
18_04_cam3.npy,95
18_05_cam3.npy,103
0_05_cam4.npy,100
26_05_cam4.npy,91
26_04_cam4.npy,58
15_07_cam4.npy,65
20_09_cam0.npy,61
15_06_cam4.npy,77
20_08_cam0.npy,146
10_07_cam1.npy,92
10_06_cam1.npy,54
13_01_cam3.npy,53
20_02_cam3.npy,100
23_05_cam1.npy,76
3_15_cam0.npy,54
0_12_cam2.npy,83
20_03_cam3.npy,109
23_04_cam1.npy,172
3_14_cam0.npy,57
0_13_cam2.npy,85
25_14_cam0.npy,103
26_13_cam2.npy,61
6_03_cam3.npy,56
5_04_cam1.npy,101
25_15_cam0.npy,54
26_12_cam2.npy,97
6_02_cam3.npy,52
5_05_cam1.npy,113
15_11_cam2.npy,151
16_16_cam0.npy,56
15_10_cam2.npy,72
7_16_cam4.npy,99
12_08_cam1.npy,134
12_09_cam1.npy,108
9_12_cam1.npy,79
12_15_cam4.npy,93
12_14_cam4.npy,55
9_13_cam1.npy,86
19_07_cam2.npy,109
19_06_cam2.npy,127
21_16_cam4.npy,93
22_10_cam4.npy,117
19_07_cam0.npy,140
22_11_cam4.npy,130
19_06_cam0.npy,131
11_12_cam4.npy,122
9_12_cam3.npy,61
9_13_cam3.npy,87
11_13_cam4.npy,56
4_11_cam4.npy,98
12_08_cam3.npy,107
4_10_cam4.npy,60
12_09_cam3.npy,87
16_16_cam2.npy,74
15_11_cam0.npy,81
15_10_cam0.npy,55
5_04_cam3.npy,72
6_03_cam1.npy,87
26_13_cam0.npy,54
25_14_cam2.npy,96
5_05_cam3.npy,111
6_02_cam1.npy,97
26_12_cam0.npy,117
25_15_cam2.npy,55
0_12_cam0.npy,136
3_15_cam2.npy,192
23_05_cam3.npy,114
20_02_cam1.npy,65
0_13_cam0.npy,63
3_14_cam2.npy,87
23_04_cam3.npy,70
20_03_cam1.npy,66
8_07_cam4.npy,151
10_07_cam3.npy,58
13_01_cam1.npy,140
10_06_cam3.npy,91
8_06_cam4.npy,153
20_09_cam2.npy,81
20_08_cam2.npy,87
16_01_cam4.npy,99
25_02_cam4.npy,66
25_03_cam4.npy,76
18_04_cam1.npy,69
3_03_cam4.npy,97
3_02_cam4.npy,116
18_05_cam1.npy,107
6_08_cam2.npy,73
8_11_cam2.npy,166
8_10_cam2.npy,157
6_09_cam2.npy,87
21_01_cam0.npy,63
22_06_cam2.npy,75
2_16_cam3.npy,102
1_11_cam1.npy,88
22_07_cam2.npy,127
1_10_cam1.npy,79
11_04_cam2.npy,140
12_03_cam0.npy,66
11_05_cam2.npy,139
12_02_cam0.npy,104
14_12_cam1.npy,137
17_15_cam3.npy,113
14_13_cam1.npy,67
17_14_cam3.npy,136
4_07_cam2.npy,104
24_16_cam3.npy,114
7_01_cam0.npy,88
4_06_cam2.npy,87
24_16_cam2.npy,82
4_06_cam3.npy,84
7_01_cam1.npy,73
4_07_cam3.npy,115
17_14_cam2.npy,86
14_13_cam0.npy,70
17_15_cam2.npy,64
14_12_cam0.npy,91
9_05_cam4.npy,67
12_02_cam1.npy,82
11_05_cam3.npy,139
12_03_cam1.npy,79
11_04_cam3.npy,59
9_04_cam4.npy,105
22_07_cam3.npy,94
1_10_cam0.npy,72
22_06_cam3.npy,143
21_01_cam1.npy,129
1_11_cam0.npy,100
2_16_cam2.npy,88
10_10_cam4.npy,83
6_09_cam3.npy,87
8_10_cam3.npy,61
8_11_cam3.npy,94
10_11_cam4.npy,71
6_08_cam3.npy,65
18_05_cam0.npy,64
23_12_cam4.npy,55
18_04_cam0.npy,91
23_13_cam4.npy,58
5_13_cam4.npy,89
5_12_cam4.npy,65
20_08_cam3.npy,67
20_09_cam3.npy,81
10_06_cam2.npy,87
13_01_cam0.npy,146
10_07_cam2.npy,103
3_14_cam3.npy,97
0_13_cam1.npy,81
20_03_cam0.npy,92
23_04_cam2.npy,61
3_15_cam3.npy,111
0_12_cam1.npy,98
20_02_cam0.npy,133
23_05_cam2.npy,89
6_02_cam0.npy,82
5_05_cam2.npy,130
25_15_cam3.npy,77
26_12_cam1.npy,103
6_03_cam0.npy,98
5_04_cam2.npy,85
25_14_cam3.npy,107
26_13_cam1.npy,111
15_10_cam1.npy,80
15_11_cam1.npy,75
16_16_cam3.npy,69
12_09_cam2.npy,105
24_01_cam4.npy,98
12_08_cam2.npy,75
17_02_cam4.npy,72
17_03_cam4.npy,73
9_13_cam2.npy,82
9_12_cam2.npy,89
19_06_cam1.npy,155
2_01_cam4.npy,155
19_07_cam1.npy,109
12_15_cam3.npy,63
11_12_cam1.npy,112
12_14_cam3.npy,58
11_13_cam1.npy,75
1_07_cam2.npy,108
22_10_cam1.npy,158
1_06_cam2.npy,107
2_01_cam0.npy,198
22_11_cam1.npy,56
21_16_cam3.npy,60
4_11_cam1.npy,69
7_16_cam3.npy,81
24_01_cam0.npy,179
4_10_cam1.npy,73
17_03_cam0.npy,74
14_04_cam2.npy,76
17_02_cam0.npy,103
14_05_cam2.npy,289
6_03_cam4.npy,67
6_02_cam4.npy,67
3_08_cam2.npy,164
3_09_cam2.npy,126
8_07_cam1.npy,87
25_09_cam2.npy,101
13_01_cam4.npy,121
8_06_cam1.npy,145
25_08_cam2.npy,99
20_02_cam4.npy,64
18_12_cam2.npy,90
20_03_cam4.npy,67
18_13_cam2.npy,104
25_02_cam1.npy,68
26_05_cam3.npy,67
6_15_cam2.npy,72
5_12_cam0.npy,54
25_03_cam1.npy,87
26_04_cam3.npy,65
6_14_cam2.npy,82
5_13_cam0.npy,55
15_07_cam3.npy,138
15_06_cam3.npy,94
16_01_cam1.npy,66
10_11_cam0.npy,95
13_16_cam2.npy,84
10_10_cam0.npy,105
20_14_cam2.npy,160
23_13_cam0.npy,56
18_04_cam4.npy,99
3_03_cam1.npy,105
0_04_cam3.npy,104
20_15_cam2.npy,134
23_12_cam0.npy,58
3_02_cam1.npy,73
0_05_cam3.npy,116
18_05_cam4.npy,57
9_04_cam0.npy,79
9_05_cam0.npy,59
17_08_cam3.npy,95
1_11_cam4.npy,63
19_11_cam3.npy,81
19_10_cam3.npy,56
17_09_cam3.npy,86
1_10_cam4.npy,156
14_12_cam4.npy,81
14_13_cam4.npy,69
7_01_cam4.npy,64
17_09_cam2.npy,82
19_10_cam2.npy,100
19_11_cam2.npy,99
17_08_cam2.npy,77
21_01_cam4.npy,60
9_05_cam1.npy,178
12_02_cam4.npy,76
12_03_cam4.npy,57
9_04_cam1.npy,101
23_12_cam1.npy,94
20_15_cam3.npy,139
0_05_cam2.npy,93
3_02_cam0.npy,255
23_13_cam1.npy,70
20_14_cam3.npy,76
0_04_cam2.npy,100
3_03_cam0.npy,114
10_10_cam1.npy,63
13_16_cam3.npy,64
10_11_cam1.npy,52
16_01_cam0.npy,82
15_06_cam2.npy,274
15_07_cam2.npy,64
26_04_cam2.npy,84
25_03_cam0.npy,83
5_13_cam1.npy,79
6_14_cam3.npy,65
26_05_cam2.npy,87
25_02_cam0.npy,99
5_12_cam1.npy,63
6_15_cam3.npy,58
0_13_cam4.npy,93
18_13_cam3.npy,63
18_12_cam3.npy,78
0_12_cam4.npy,63
8_06_cam0.npy,153
25_08_cam3.npy,103
8_07_cam0.npy,76
25_09_cam3.npy,60
3_09_cam3.npy,59
15_10_cam4.npy,78
3_08_cam3.npy,78
15_11_cam4.npy,66
26_12_cam4.npy,143
26_13_cam4.npy,68
14_05_cam3.npy,87
17_02_cam1.npy,99
14_04_cam3.npy,84
17_03_cam1.npy,61
4_10_cam0.npy,150
7_16_cam2.npy,57
4_11_cam0.npy,58
24_01_cam1.npy,150
19_06_cam4.npy,67
2_01_cam1.npy,128
1_06_cam3.npy,100
21_16_cam2.npy,60
22_11_cam0.npy,57
1_07_cam3.npy,70
19_07_cam4.npy,65
22_10_cam0.npy,76
11_13_cam0.npy,61
12_14_cam2.npy,116
11_12_cam0.npy,117
12_15_cam2.npy,69
12_14_cam0.npy,105
11_13_cam2.npy,60
12_15_cam0.npy,153
11_12_cam2.npy,86
22_11_cam2.npy,119
21_16_cam0.npy,112
1_06_cam1.npy,57
2_01_cam3.npy,71
22_10_cam2.npy,106
1_07_cam1.npy,86
4_10_cam2.npy,59
24_01_cam3.npy,73
4_11_cam2.npy,99
7_16_cam0.npy,84
17_02_cam3.npy,148
14_05_cam1.npy,72
17_03_cam3.npy,58
14_04_cam1.npy,85
25_15_cam4.npy,67
25_14_cam4.npy,132
3_09_cam1.npy,52
16_16_cam4.npy,116
3_08_cam1.npy,75
25_08_cam1.npy,117
8_06_cam2.npy,151
25_09_cam1.npy,95
8_07_cam2.npy,138
18_13_cam1.npy,84
3_14_cam4.npy,119
3_15_cam4.npy,96
18_12_cam1.npy,120
6_14_cam1.npy,55
5_13_cam3.npy,102
25_03_cam2.npy,99
26_04_cam0.npy,93
6_15_cam1.npy,120
5_12_cam3.npy,57
25_02_cam2.npy,64
26_05_cam0.npy,89
20_08_cam4.npy,87
15_06_cam0.npy,155
16_01_cam2.npy,59
20_09_cam4.npy,71
15_07_cam0.npy,62
8_10_cam4.npy,92
10_10_cam3.npy,106
6_09_cam4.npy,57
10_11_cam3.npy,93
6_08_cam4.npy,129
13_16_cam1.npy,75
8_11_cam4.npy,76
3_02_cam2.npy,90
0_05_cam0.npy,62
20_15_cam1.npy,109
23_12_cam3.npy,82
3_03_cam2.npy,103
0_04_cam0.npy,108
20_14_cam1.npy,110
23_13_cam3.npy,97
11_05_cam4.npy,59
9_05_cam3.npy,180
9_04_cam3.npy,66
11_04_cam4.npy,81
22_07_cam4.npy,57
19_10_cam0.npy,75
17_09_cam0.npy,81
22_06_cam4.npy,128
17_08_cam0.npy,53
19_11_cam0.npy,60
4_06_cam4.npy,85
4_07_cam4.npy,64
17_15_cam4.npy,106
17_14_cam4.npy,140
24_16_cam4.npy,95
19_11_cam1.npy,94
17_08_cam1.npy,67
2_16_cam4.npy,117
17_09_cam1.npy,90
19_10_cam1.npy,107
9_04_cam2.npy,124
9_05_cam2.npy,170
0_04_cam1.npy,78
3_03_cam3.npy,192
23_13_cam2.npy,64
20_14_cam0.npy,81
0_05_cam1.npy,66
3_02_cam3.npy,71
23_12_cam2.npy,95
20_15_cam0.npy,71
13_16_cam0.npy,69
10_11_cam2.npy,109
10_10_cam2.npy,94
15_07_cam1.npy,56
16_01_cam3.npy,74
15_06_cam1.npy,80
5_12_cam2.npy,59
6_15_cam0.npy,59
26_05_cam1.npy,77
25_02_cam3.npy,59
5_13_cam2.npy,161
6_14_cam0.npy,68
26_04_cam1.npy,62
25_03_cam3.npy,99
18_12_cam0.npy,107
23_05_cam4.npy,89
18_13_cam0.npy,82
23_04_cam4.npy,72
25_09_cam0.npy,109
10_07_cam4.npy,197
8_07_cam3.npy,59
25_08_cam0.npy,54
8_06_cam3.npy,57
10_06_cam4.npy,65
3_08_cam0.npy,118
3_09_cam0.npy,56
5_04_cam4.npy,71
5_05_cam4.npy,89
14_04_cam0.npy,52
17_03_cam2.npy,62
14_05_cam0.npy,106
17_02_cam2.npy,90
24_01_cam2.npy,96
7_16_cam1.npy,67
4_11_cam3.npy,107
12_08_cam4.npy,71
4_10_cam3.npy,118
12_09_cam4.npy,78
22_10_cam3.npy,104
1_07_cam0.npy,63
21_16_cam1.npy,74
22_11_cam3.npy,70
2_01_cam2.npy,61
1_06_cam0.npy,121
9_12_cam4.npy,81
11_12_cam3.npy,55
12_15_cam1.npy,78
11_13_cam3.npy,92
12_14_cam1.npy,116
9_13_cam4.npy,103
6_04_cam4.npy,90
6_05_cam4.npy,95
0_08_cam0.npy,89
0_09_cam0.npy,98
13_07_cam4.npy,68
26_09_cam0.npy,139
8_01_cam1.npy,141
13_06_cam4.npy,59
26_08_cam0.npy,65
20_05_cam4.npy,60
18_15_cam2.npy,104
20_04_cam4.npy,81
18_14_cam2.npy,81
11_15_cam1.npy,98
12_12_cam3.npy,83
11_14_cam1.npy,98
12_13_cam3.npy,55
2_07_cam0.npy,68
21_10_cam3.npy,55
2_06_cam0.npy,139
1_01_cam2.npy,163
21_11_cam3.npy,91
22_16_cam1.npy,100
9_08_cam3.npy,52
7_11_cam3.npy,63
11_08_cam4.npy,69
4_16_cam1.npy,51
24_06_cam0.npy,161
7_10_cam3.npy,128
11_09_cam4.npy,74
9_09_cam3.npy,64
24_07_cam0.npy,96
14_03_cam2.npy,92
17_04_cam0.npy,97
14_02_cam2.npy,160
17_05_cam0.npy,145
9_03_cam0.npy,72
9_02_cam0.npy,75
19_16_cam3.npy,68
1_16_cam4.npy,112
14_08_cam1.npy,68
14_09_cam1.npy,79
14_15_cam4.npy,61
14_14_cam4.npy,88
26_02_cam3.npy,57
25_05_cam1.npy,52
5_15_cam0.npy,71
6_12_cam2.npy,85
26_03_cam3.npy,69
25_04_cam1.npy,114
5_14_cam0.npy,130
6_13_cam2.npy,71
16_07_cam1.npy,127
16_06_cam1.npy,63
15_01_cam3.npy,75
13_11_cam2.npy,105
10_16_cam0.npy,103
13_10_cam2.npy,111
23_14_cam0.npy,79
20_13_cam2.npy,89
0_03_cam3.npy,103
3_04_cam1.npy,95
18_03_cam4.npy,71
23_15_cam0.npy,74
20_12_cam2.npy,102
18_02_cam4.npy,62
0_02_cam3.npy,98
3_05_cam1.npy,138
20_12_cam3.npy,61
23_15_cam1.npy,98
3_05_cam0.npy,58
0_02_cam2.npy,86
20_13_cam3.npy,75
23_14_cam1.npy,139
3_04_cam0.npy,62
0_03_cam2.npy,60
13_10_cam3.npy,61
5_09_cam4.npy,125
10_16_cam1.npy,109
13_11_cam3.npy,170
5_08_cam4.npy,112
15_01_cam2.npy,65
16_06_cam0.npy,94
23_08_cam4.npy,107
16_07_cam0.npy,54
23_09_cam4.npy,98
25_04_cam0.npy,117
26_03_cam2.npy,105
6_13_cam3.npy,106
5_14_cam1.npy,58
25_05_cam0.npy,71
26_02_cam2.npy,91
6_12_cam3.npy,63
5_15_cam1.npy,76
7_06_cam4.npy,96
7_07_cam4.npy,101
14_09_cam0.npy,62
21_07_cam4.npy,104
14_08_cam0.npy,76
19_16_cam2.npy,82
21_06_cam4.npy,65
12_05_cam4.npy,119
9_02_cam1.npy,135
9_03_cam1.npy,69
12_04_cam4.npy,71
17_05_cam1.npy,108
14_02_cam3.npy,61
17_04_cam1.npy,54
14_03_cam3.npy,89
9_09_cam2.npy,61
7_10_cam2.npy,165
24_07_cam1.npy,95
4_16_cam0.npy,69
7_11_cam2.npy,77
9_08_cam2.npy,67
24_06_cam1.npy,68
1_01_cam3.npy,96
2_06_cam1.npy,54
19_01_cam4.npy,52
22_16_cam0.npy,71
21_11_cam2.npy,114
2_07_cam1.npy,66
21_10_cam2.npy,120
12_13_cam2.npy,122
11_14_cam0.npy,59
12_12_cam2.npy,87
11_15_cam0.npy,142
18_14_cam3.npy,80
0_14_cam4.npy,91
0_15_cam4.npy,62
18_15_cam3.npy,80
8_01_cam0.npy,151
26_08_cam1.npy,61
26_09_cam1.npy,84
0_09_cam1.npy,110
0_08_cam1.npy,91
15_16_cam4.npy,97
26_15_cam4.npy,97
26_14_cam4.npy,70
25_12_cam4.npy,78
25_13_cam4.npy,54
0_09_cam3.npy,58
16_10_cam4.npy,94
18_09_cam4.npy,78
18_08_cam4.npy,85
0_08_cam3.npy,92
16_11_cam4.npy,83
26_08_cam3.npy,139
8_01_cam2.npy,150
26_09_cam3.npy,80
3_13_cam4.npy,64
18_14_cam1.npy,95
18_15_cam1.npy,80
3_12_cam4.npy,78
11_14_cam2.npy,123
12_13_cam0.npy,52
11_15_cam2.npy,104
12_12_cam0.npy,77
21_11_cam0.npy,76
22_16_cam2.npy,71
2_06_cam3.npy,83
1_01_cam1.npy,82
21_10_cam0.npy,128
2_07_cam3.npy,67
24_07_cam3.npy,86
7_10_cam0.npy,84
9_09_cam0.npy,95
24_06_cam3.npy,101
9_08_cam0.npy,112
7_11_cam0.npy,110
4_16_cam2.npy,74
14_02_cam1.npy,78
17_05_cam3.npy,111
14_03_cam1.npy,94
17_04_cam3.npy,72
9_02_cam3.npy,56
11_02_cam4.npy,103
11_03_cam4.npy,119
9_03_cam3.npy,64
14_09_cam2.npy,54
22_01_cam4.npy,147
19_16_cam0.npy,101
14_08_cam2.npy,75
4_01_cam4.npy,80
5_14_cam3.npy,88
6_13_cam1.npy,67
26_03_cam0.npy,70
25_04_cam2.npy,65
5_15_cam3.npy,109
6_12_cam1.npy,75
26_02_cam0.npy,80
25_05_cam2.npy,57
16_06_cam2.npy,128
15_01_cam0.npy,267
16_07_cam2.npy,56
13_10_cam1.npy,97
8_16_cam4.npy,55
13_11_cam1.npy,100
10_16_cam3.npy,116
0_02_cam0.npy,57
3_05_cam2.npy,83
23_15_cam3.npy,117
20_12_cam1.npy,73
0_03_cam0.npy,122
3_04_cam2.npy,62
23_14_cam3.npy,86
20_13_cam1.npy,95
3_04_cam3.npy,113
0_03_cam1.npy,72
20_13_cam0.npy,64
23_14_cam2.npy,76
3_05_cam3.npy,74
0_02_cam1.npy,81
20_12_cam0.npy,53
23_15_cam2.npy,102
10_16_cam2.npy,57
13_11_cam0.npy,72
13_10_cam0.npy,107
16_07_cam3.npy,101
15_01_cam1.npy,66
16_06_cam3.npy,68
6_12_cam0.npy,81
5_15_cam2.npy,64
25_05_cam3.npy,126
26_02_cam1.npy,152
6_13_cam0.npy,69
5_14_cam2.npy,142
25_04_cam3.npy,102
26_03_cam1.npy,175
17_12_cam4.npy,63
17_13_cam4.npy,85
24_10_cam4.npy,109
24_11_cam4.npy,128
14_08_cam3.npy,73
2_11_cam4.npy,142
19_16_cam1.npy,58
14_09_cam3.npy,57
2_10_cam4.npy,71
9_03_cam2.npy,81
9_02_cam2.npy,167
17_04_cam2.npy,133
14_03_cam0.npy,73
17_05_cam2.npy,66
14_02_cam0.npy,182
24_06_cam2.npy,111
4_16_cam3.npy,58
7_11_cam1.npy,117
9_08_cam1.npy,86
24_07_cam2.npy,127
9_09_cam1.npy,71
7_10_cam1.npy,93
21_10_cam1.npy,73
2_07_cam2.npy,76
22_16_cam3.npy,97
21_11_cam1.npy,105
1_01_cam0.npy,89
2_06_cam2.npy,73
12_12_cam1.npy,128
11_15_cam3.npy,71
9_15_cam4.npy,59
9_14_cam4.npy,167
12_13_cam1.npy,88
11_14_cam3.npy,101
18_15_cam0.npy,115
23_02_cam4.npy,77
18_14_cam0.npy,84
23_03_cam4.npy,130
26_09_cam2.npy,92
26_08_cam2.npy,142
10_01_cam4.npy,72
8_01_cam3.npy,58
0_08_cam2.npy,118
0_09_cam2.npy,112
5_03_cam4.npy,74
5_02_cam4.npy,123
16_10_cam1.npy,174
18_09_cam1.npy,99
18_08_cam1.npy,88
15_16_cam3.npy,97
16_11_cam1.npy,146
25_12_cam1.npy,90
26_15_cam3.npy,101
6_05_cam2.npy,119
5_02_cam0.npy,132
25_13_cam1.npy,95
26_14_cam3.npy,88
6_04_cam2.npy,114
5_03_cam0.npy,108
20_04_cam2.npy,73
23_03_cam0.npy,57
3_13_cam1.npy,69
0_14_cam3.npy,134
18_14_cam4.npy,100
20_05_cam2.npy,59
23_02_cam0.npy,90
18_15_cam4.npy,69
3_12_cam1.npy,104
0_15_cam3.npy,124
10_01_cam0.npy,77
13_06_cam2.npy,67
13_07_cam2.npy,127
19_01_cam3.npy,89
1_01_cam4.npy,83
9_14_cam0.npy,108
9_15_cam0.npy,66
14_02_cam4.npy,76
14_03_cam4.npy,62
11_09_cam2.npy,53
11_08_cam2.npy,85
2_10_cam0.npy,179
21_07_cam3.npy,119
1_16_cam2.npy,112
2_11_cam0.npy,165
22_01_cam1.npy,84
21_06_cam3.npy,101
12_05_cam3.npy,84
11_02_cam1.npy,85
12_04_cam3.npy,129
11_03_cam1.npy,53
17_13_cam0.npy,97
14_14_cam2.npy,95
17_12_cam0.npy,86
14_15_cam2.npy,79
4_01_cam1.npy,87
7_06_cam3.npy,57
24_11_cam0.npy,80
7_07_cam3.npy,74
24_10_cam0.npy,101
23_08_cam3.npy,101
23_09_cam3.npy,67
6_13_cam4.npy,155
6_12_cam4.npy,125
20_12_cam4.npy,78
18_02_cam2.npy,69
20_13_cam4.npy,67
18_03_cam2.npy,126
13_10_cam4.npy,187
5_09_cam3.npy,98
8_16_cam1.npy,86
13_11_cam4.npy,83
5_08_cam3.npy,77
5_08_cam2.npy,81
8_16_cam0.npy,87
5_09_cam2.npy,72
18_03_cam3.npy,118
0_03_cam4.npy,99
0_02_cam4.npy,58
18_02_cam3.npy,100
26_02_cam4.npy,83
26_03_cam4.npy,65
23_09_cam2.npy,98
15_01_cam4.npy,127
23_08_cam2.npy,89
7_07_cam2.npy,55
24_10_cam1.npy,59
7_06_cam2.npy,66
4_01_cam0.npy,89
24_11_cam1.npy,127
14_15_cam3.npy,90
17_12_cam1.npy,75
14_14_cam3.npy,156
17_13_cam1.npy,93
11_03_cam0.npy,171
12_04_cam2.npy,68
11_02_cam0.npy,94
12_05_cam2.npy,290
2_11_cam1.npy,105
1_16_cam3.npy,115
19_16_cam4.npy,86
21_06_cam2.npy,114
22_01_cam0.npy,52
2_10_cam1.npy,71
21_07_cam2.npy,129
7_11_cam4.npy,118
11_08_cam3.npy,67
9_08_cam4.npy,61
9_09_cam4.npy,117
7_10_cam4.npy,133
11_09_cam3.npy,118
12_12_cam4.npy,186
9_15_cam1.npy,75
9_14_cam1.npy,67
12_13_cam4.npy,129
21_10_cam4.npy,119
19_01_cam2.npy,173
21_11_cam4.npy,128
13_07_cam3.npy,65
13_06_cam3.npy,166
10_01_cam1.npy,68
23_02_cam1.npy,65
20_05_cam3.npy,75
0_15_cam2.npy,52
3_12_cam0.npy,93
23_03_cam1.npy,68
20_04_cam3.npy,84
0_14_cam2.npy,68
3_13_cam0.npy,55
26_14_cam2.npy,80
25_13_cam0.npy,52
5_03_cam1.npy,86
6_04_cam3.npy,65
26_15_cam2.npy,56
25_12_cam0.npy,92
5_02_cam1.npy,102
6_05_cam3.npy,91
16_11_cam0.npy,80
15_16_cam2.npy,91
18_08_cam0.npy,77
18_09_cam0.npy,96
16_10_cam0.npy,71
18_08_cam2.npy,175
15_16_cam0.npy,77
16_11_cam2.npy,107
16_10_cam2.npy,82
18_09_cam2.npy,90
6_04_cam1.npy,104
5_03_cam3.npy,58
25_13_cam2.npy,101
26_14_cam0.npy,64
6_05_cam1.npy,97
5_02_cam3.npy,66
25_12_cam2.npy,59
26_15_cam0.npy,95
3_12_cam2.npy,89
0_15_cam0.npy,110
20_05_cam1.npy,116
23_02_cam3.npy,80
3_13_cam2.npy,63
0_14_cam0.npy,88
20_04_cam1.npy,64
23_03_cam3.npy,79
13_07_cam1.npy,120
8_01_cam4.npy,112
10_01_cam3.npy,75
13_06_cam1.npy,55
22_16_cam4.npy,76
19_01_cam0.npy,155
9_15_cam3.npy,60
11_15_cam4.npy,58
11_14_cam4.npy,105
9_14_cam3.npy,64
11_08_cam1.npy,123
4_16_cam4.npy,64
11_09_cam1.npy,56
22_01_cam2.npy,197
21_06_cam0.npy,155
1_16_cam1.npy,87
14_08_cam4.npy,132
2_11_cam3.npy,57
21_07_cam0.npy,75
14_09_cam4.npy,71
2_10_cam3.npy,120
12_04_cam0.npy,62
11_03_cam2.npy,96
12_05_cam0.npy,130
11_02_cam2.npy,99
17_12_cam3.npy,104
14_15_cam1.npy,84
17_13_cam3.npy,107
14_14_cam1.npy,61
24_10_cam3.npy,54
7_07_cam0.npy,91
24_11_cam3.npy,144
4_01_cam2.npy,94
7_06_cam0.npy,97
23_09_cam0.npy,84
16_07_cam4.npy,135
23_08_cam0.npy,130
16_06_cam4.npy,245
25_05_cam4.npy,85
25_04_cam4.npy,89
3_04_cam4.npy,83
18_03_cam1.npy,65
18_02_cam1.npy,125
3_05_cam4.npy,99
8_16_cam2.npy,83
5_08_cam0.npy,126
5_09_cam0.npy,85
5_09_cam1.npy,114
10_16_cam4.npy,106
5_08_cam1.npy,116
8_16_cam3.npy,120
18_02_cam0.npy,75
23_15_cam4.npy,63
18_03_cam0.npy,52
23_14_cam4.npy,102
5_14_cam4.npy,79
5_15_cam4.npy,57
23_08_cam1.npy,53
23_09_cam1.npy,91
24_11_cam2.npy,79
7_06_cam1.npy,73
4_01_cam3.npy,60
24_10_cam2.npy,91
7_07_cam1.npy,105
14_14_cam0.npy,122
17_13_cam2.npy,93
14_15_cam0.npy,124
17_12_cam2.npy,124
11_02_cam3.npy,59
12_05_cam1.npy,139
9_02_cam4.npy,74
9_03_cam4.npy,71
11_03_cam3.npy,106
12_04_cam1.npy,99
21_07_cam1.npy,107
2_10_cam2.npy,82
21_06_cam1.npy,72
22_01_cam3.npy,91
2_11_cam2.npy,180
1_16_cam0.npy,58
24_07_cam4.npy,88
11_09_cam0.npy,126
24_06_cam4.npy,78
11_08_cam0.npy,104
17_05_cam4.npy,66
17_04_cam4.npy,105
9_14_cam2.npy,115
9_15_cam2.npy,64
2_06_cam4.npy,60
19_01_cam1.npy,90
2_07_cam4.npy,87
26_08_cam4.npy,58
13_06_cam0.npy,165
10_01_cam2.npy,106
26_09_cam4.npy,89
13_07_cam0.npy,113
0_14_cam1.npy,53
3_13_cam3.npy,86
23_03_cam2.npy,64
20_04_cam0.npy,105
0_15_cam1.npy,112
3_12_cam3.npy,96
23_02_cam2.npy,226
20_05_cam0.npy,60
5_02_cam2.npy,104
6_05_cam0.npy,105
26_15_cam1.npy,91
25_12_cam3.npy,81
5_03_cam2.npy,109
6_04_cam0.npy,99
26_14_cam1.npy,66
25_13_cam3.npy,94
18_09_cam3.npy,58
0_09_cam4.npy,84
16_10_cam3.npy,72
0_08_cam4.npy,107
16_11_cam3.npy,136
15_16_cam1.npy,63
18_08_cam3.npy,108
